rank,uid,title,year,venue,url,problem_claimed,actual_mechanism,hidden_assumptions,variables_treated_as_fixed,failure_modes_ignored,what_it_makes_less_novel,what_it_leaves_open
1,arxiv:2311.13986v1,FViT-Grasp: Grasping Objects With Using Fast Vision Transformers,2023,arXiv,http://arxiv.org/abs/2311.13986v1,Addresses energy-based transformers for grasping or a neighboring robotics mechanism.,"Prior work usually predicts, ranks, filters, or imitates observed behavior rather than preserving unrealized branches.",The observed outcome is enough to supervise the model.,"Contact mode support, embodiment limits, and deployment perturbations.","Branch collapse, hidden-mode shift, and tail-risk planning failures.",Generic world models and generic uncertainty are crowded.,Ebm transformer compositional grasping keeps action-critical alternatives explicit until a physical observation collapses them.
2,arxiv:2511.20841v1,OVAL-Grasp: Open-Vocabulary Affordance Localization for Task Oriented Grasping,2025,arXiv,http://arxiv.org/abs/2511.20841v1,Addresses energy-based transformers for grasping or a neighboring robotics mechanism.,"Prior work usually predicts, ranks, filters, or imitates observed behavior rather than preserving unrealized branches.",The observed outcome is enough to supervise the model.,"Contact mode support, embodiment limits, and deployment perturbations.","Branch collapse, hidden-mode shift, and tail-risk planning failures.",Generic world models and generic uncertainty are crowded.,Ebm transformer compositional grasping keeps action-critical alternatives explicit until a physical observation collapses them.
3,arxiv:2503.06227v1,GAT-Grasp: Gesture-Driven Affordance Transfer for Task-Aware Robotic Grasping,2025,arXiv,http://arxiv.org/abs/2503.06227v1,Addresses energy-based transformers for grasping or a neighboring robotics mechanism.,"Prior work usually predicts, ranks, filters, or imitates observed behavior rather than preserving unrealized branches.",The observed outcome is enough to supervise the model.,"Contact mode support, embodiment limits, and deployment perturbations.","Branch collapse, hidden-mode shift, and tail-risk planning failures.",Generic world models and generic uncertainty are crowded.,Ebm transformer compositional grasping keeps action-critical alternatives explicit until a physical observation collapses them.
4,arxiv:2410.03522v2,HMT-Grasp: A Hybrid Mamba-Transformer Approach for Robot Grasping in Cluttered Environments,2024,arXiv,http://arxiv.org/abs/2410.03522v2,Addresses energy-based transformers for grasping or a neighboring robotics mechanism.,"Prior work usually predicts, ranks, filters, or imitates observed behavior rather than preserving unrealized branches.",The observed outcome is enough to supervise the model.,"Contact mode support, embodiment limits, and deployment perturbations.","Branch collapse, hidden-mode shift, and tail-risk planning failures.",Generic world models and generic uncertainty are crowded.,Ebm transformer compositional grasping keeps action-critical alternatives explicit until a physical observation collapses them.
5,arxiv:2411.16755v1,FunGrasp: Functional Grasping for Diverse Dexterous Hands,2024,arXiv,http://arxiv.org/abs/2411.16755v1,Addresses energy-based transformers for grasping or a neighboring robotics mechanism.,"Prior work usually predicts, ranks, filters, or imitates observed behavior rather than preserving unrealized branches.",The observed outcome is enough to supervise the model.,"Contact mode support, embodiment limits, and deployment perturbations.","Branch collapse, hidden-mode shift, and tail-risk planning failures.",Generic world models and generic uncertainty are crowded.,Ebm transformer compositional grasping keeps action-critical alternatives explicit until a physical observation collapses them.
6,doi:10.1115/dscc2013-4029,Kinematic Synthesis of Minimally Actuated Multi-Loop Planar Linkages With Second Order Motion Constraints for Object Grasping,2013,"Volume 3: Nonlinear Estimation and Control; Optimization and Optimal Control; Piezoelectric Actuation and Nanoscale Control; Robotics and Manipulators; Sensing; System Identification (Estimation for Automotive Applications, Modeling, Therapeutic Control in Bio-Systems); Variable Structure/Sliding-Mode Control; Vehicles and Human Robotics; Vehicle Dynamics and Control; Vehicle Path Planning and Collision Avoidance; Vibrational and Mechanical Systems; Wind Energy Systems and Control",https://doi.org/10.1115/dscc2013-4029,Addresses energy-based transformers for grasping or a neighboring robotics mechanism.,"Prior work usually predicts, ranks, filters, or imitates observed behavior rather than preserving unrealized branches.",The observed outcome is enough to supervise the model.,"Contact mode support, embodiment limits, and deployment perturbations.","Branch collapse, hidden-mode shift, and tail-risk planning failures.",Generic world models and generic uncertainty are crowded.,Ebm transformer compositional grasping keeps action-critical alternatives explicit until a physical observation collapses them.
7,doi:10.1007/s11370-026-00707-4,Oracle-grasp: zero-shot affordance-aligned robotic grasping using large multimodal models,2026,Intelligent Service Robotics,https://doi.org/10.1007/s11370-026-00707-4,Addresses energy-based transformers for grasping or a neighboring robotics mechanism.,"Prior work usually predicts, ranks, filters, or imitates observed behavior rather than preserving unrealized branches.",The observed outcome is enough to supervise the model.,"Contact mode support, embodiment limits, and deployment perturbations.","Branch collapse, hidden-mode shift, and tail-risk planning failures.",Generic world models and generic uncertainty are crowded.,Ebm transformer compositional grasping keeps action-critical alternatives explicit until a physical observation collapses them.
8,arxiv:2311.05779v1,Language-guided Robot Grasping: CLIP-based Referring Grasp Synthesis in Clutter,2023,arXiv,http://arxiv.org/abs/2311.05779v1,Addresses energy-based transformers for grasping or a neighboring robotics mechanism.,"Prior work usually predicts, ranks, filters, or imitates observed behavior rather than preserving unrealized branches.",The observed outcome is enough to supervise the model.,"Contact mode support, embodiment limits, and deployment perturbations.","Branch collapse, hidden-mode shift, and tail-risk planning failures.",Generic world models and generic uncertainty are crowded.,Ebm transformer compositional grasping keeps action-critical alternatives explicit until a physical observation collapses them.
9,doi:10.3390/electronics13245025,Manipulability-Aware Task-Oriented Grasp Planning and Motion Control with Application in a Seven-DoF Redundant Dual-Arm Robot,2024,Electronics,https://doi.org/10.3390/electronics13245025,Addresses energy-based transformers for grasping or a neighboring robotics mechanism.,"Prior work usually predicts, ranks, filters, or imitates observed behavior rather than preserving unrealized branches.",The observed outcome is enough to supervise the model.,"Contact mode support, embodiment limits, and deployment perturbations.","Branch collapse, hidden-mode shift, and tail-risk planning failures.",Generic world models and generic uncertainty are crowded.,Ebm transformer compositional grasping keeps action-critical alternatives explicit until a physical observation collapses them.
10,doi:10.1007/s10462-020-09888-5,"Vision-based Robotic Grasping From Object Localization, Object Pose Estimation to Grasp Estimation for Parallel Grippers: A Review",2019,arXiv,http://arxiv.org/abs/1905.06658v4,Addresses energy-based transformers for grasping or a neighboring robotics mechanism.,"Prior work usually predicts, ranks, filters, or imitates observed behavior rather than preserving unrealized branches.",The observed outcome is enough to supervise the model.,"Contact mode support, embodiment limits, and deployment perturbations.","Branch collapse, hidden-mode shift, and tail-risk planning failures.",Generic world models and generic uncertainty are crowded.,Ebm transformer compositional grasping keeps action-critical alternatives explicit until a physical observation collapses them.
11,arxiv:2405.04783v2,GoalGrasp: Grasping Goals in Partially Occluded Scenarios without Grasp Training,2024,arXiv,http://arxiv.org/abs/2405.04783v2,Addresses energy-based transformers for grasping or a neighboring robotics mechanism.,"Prior work usually predicts, ranks, filters, or imitates observed behavior rather than preserving unrealized branches.",The observed outcome is enough to supervise the model.,"Contact mode support, embodiment limits, and deployment perturbations.","Branch collapse, hidden-mode shift, and tail-risk planning failures.",Generic world models and generic uncertainty are crowded.,Ebm transformer compositional grasping keeps action-critical alternatives explicit until a physical observation collapses them.
12,arxiv:2503.09078v2,Sequential Multi-Object Grasping with One Dexterous Hand,2025,arXiv,http://arxiv.org/abs/2503.09078v2,Addresses energy-based transformers for grasping or a neighboring robotics mechanism.,"Prior work usually predicts, ranks, filters, or imitates observed behavior rather than preserving unrealized branches.",The observed outcome is enough to supervise the model.,"Contact mode support, embodiment limits, and deployment perturbations.","Branch collapse, hidden-mode shift, and tail-risk planning failures.",Generic world models and generic uncertainty are crowded.,Ebm transformer compositional grasping keeps action-critical alternatives explicit until a physical observation collapses them.
13,arxiv:2503.00508v1,HGDiffuser: Efficient Task-Oriented Grasp Generation via Human-Guided Grasp Diffusion Models,2025,arXiv,http://arxiv.org/abs/2503.00508v1,Addresses energy-based transformers for grasping or a neighboring robotics mechanism.,"Prior work usually predicts, ranks, filters, or imitates observed behavior rather than preserving unrealized branches.",The observed outcome is enough to supervise the model.,"Contact mode support, embodiment limits, and deployment perturbations.","Branch collapse, hidden-mode shift, and tail-risk planning failures.",Generic world models and generic uncertainty are crowded.,Ebm transformer compositional grasping keeps action-critical alternatives explicit until a physical observation collapses them.
14,doi:10.1177/0278364907087172,Robotic Grasping of Novel Objects using Vision,2008,The International Journal of Robotics Research,https://doi.org/10.1177/0278364907087172,Addresses energy-based transformers for grasping or a neighboring robotics mechanism.,"Prior work usually predicts, ranks, filters, or imitates observed behavior rather than preserving unrealized branches.",The observed outcome is enough to supervise the model.,"Contact mode support, embodiment limits, and deployment perturbations.","Branch collapse, hidden-mode shift, and tail-risk planning failures.",Generic world models and generic uncertainty are crowded.,Ebm transformer compositional grasping keeps action-critical alternatives explicit until a physical observation collapses them.
15,arxiv:1909.02129v1,Towards Precise Robotic Grasping by Probabilistic Post-grasp Displacement Estimation,2019,arXiv,http://arxiv.org/abs/1909.02129v1,Addresses energy-based transformers for grasping or a neighboring robotics mechanism.,"Prior work usually predicts, ranks, filters, or imitates observed behavior rather than preserving unrealized branches.",The observed outcome is enough to supervise the model.,"Contact mode support, embodiment limits, and deployment perturbations.","Branch collapse, hidden-mode shift, and tail-risk planning failures.",Generic world models and generic uncertainty are crowded.,Ebm transformer compositional grasping keeps action-critical alternatives explicit until a physical observation collapses them.
16,doi:10.3390/jmse12101793,An End-to-End Underwater Acoustic Target Recognition Model Based on One-Dimensional Convolution and Transformer,2024,Journal of Marine Science and Engineering,https://doi.org/10.3390/jmse12101793,Addresses energy-based transformers for grasping or a neighboring robotics mechanism.,"Prior work usually predicts, ranks, filters, or imitates observed behavior rather than preserving unrealized branches.",The observed outcome is enough to supervise the model.,"Contact mode support, embodiment limits, and deployment perturbations.","Branch collapse, hidden-mode shift, and tail-risk planning failures.",Generic world models and generic uncertainty are crowded.,Ebm transformer compositional grasping keeps action-critical alternatives explicit until a physical observation collapses them.
17,doi:10.3390/s24154861,Robotic Grasping of Unknown Objects Based on Deep Learning-Based Feature Detection,2024,Sensors,https://doi.org/10.3390/s24154861,Addresses energy-based transformers for grasping or a neighboring robotics mechanism.,"Prior work usually predicts, ranks, filters, or imitates observed behavior rather than preserving unrealized branches.",The observed outcome is enough to supervise the model.,"Contact mode support, embodiment limits, and deployment perturbations.","Branch collapse, hidden-mode shift, and tail-risk planning failures.",Generic world models and generic uncertainty are crowded.,Ebm transformer compositional grasping keeps action-critical alternatives explicit until a physical observation collapses them.
18,title:vision based robotic grasping from object localization pose estimation grasp detection to motion planning a review,"Vision-based Robotic Grasping from Object Localization, Pose Estimation, Grasp Detection to Motion Planning: A Review.",2019,arXiv (Cornell University),https://openalex.org/W2945136467,Addresses energy-based transformers for grasping or a neighboring robotics mechanism.,"Prior work usually predicts, ranks, filters, or imitates observed behavior rather than preserving unrealized branches.",The observed outcome is enough to supervise the model.,"Contact mode support, embodiment limits, and deployment perturbations.","Branch collapse, hidden-mode shift, and tail-risk planning failures.",Generic world models and generic uncertainty are crowded.,Ebm transformer compositional grasping keeps action-critical alternatives explicit until a physical observation collapses them.
19,doi:10.1007/s40747-025-01893-x,VLA-Grasp: a vision-language-action modeling with cross-modality fusion for task-oriented grasping,2025,Complex & Intelligent Systems,https://doi.org/10.1007/s40747-025-01893-x,Addresses energy-based transformers for grasping or a neighboring robotics mechanism.,"Prior work usually predicts, ranks, filters, or imitates observed behavior rather than preserving unrealized branches.",The observed outcome is enough to supervise the model.,"Contact mode support, embodiment limits, and deployment perturbations.","Branch collapse, hidden-mode shift, and tail-risk planning failures.",Generic world models and generic uncertainty are crowded.,Ebm transformer compositional grasping keeps action-critical alternatives explicit until a physical observation collapses them.
20,doi:10.48550/arxiv.2309.00966,Compositional Diffusion-Based Continuous Constraint Solvers,2023,arXiv (Cornell University),https://doi.org/10.48550/arxiv.2309.00966,Addresses energy-based transformers for grasping or a neighboring robotics mechanism.,"Prior work usually predicts, ranks, filters, or imitates observed behavior rather than preserving unrealized branches.",The observed outcome is enough to supervise the model.,"Contact mode support, embodiment limits, and deployment perturbations.","Branch collapse, hidden-mode shift, and tail-risk planning failures.",Generic world models and generic uncertainty are crowded.,Ebm transformer compositional grasping keeps action-critical alternatives explicit until a physical observation collapses them.
21,doi:10.1109/tase.2023.3328964,MetaGraspNetV2: All-in-One Dataset Enabling Fast and Reliable Robotic Bin Picking via Object Relationship Reasoning and Dexterous Grasping,2023,IEEE Transactions on Automation Science and Engineering,https://doi.org/10.1109/tase.2023.3328964,Addresses energy-based transformers for grasping or a neighboring robotics mechanism.,"Prior work usually predicts, ranks, filters, or imitates observed behavior rather than preserving unrealized branches.",The observed outcome is enough to supervise the model.,"Contact mode support, embodiment limits, and deployment perturbations.","Branch collapse, hidden-mode shift, and tail-risk planning failures.",Generic world models and generic uncertainty are crowded.,Ebm transformer compositional grasping keeps action-critical alternatives explicit until a physical observation collapses them.
22,doi:10.48550/arxiv.2404.18135,Dexterous Grasp Transformer,2024,arXiv (Cornell University),https://doi.org/10.48550/arxiv.2404.18135,Addresses energy-based transformers for grasping or a neighboring robotics mechanism.,"Prior work usually predicts, ranks, filters, or imitates observed behavior rather than preserving unrealized branches.",The observed outcome is enough to supervise the model.,"Contact mode support, embodiment limits, and deployment perturbations.","Branch collapse, hidden-mode shift, and tail-risk planning failures.",Generic world models and generic uncertainty are crowded.,Ebm transformer compositional grasping keeps action-critical alternatives explicit until a physical observation collapses them.
23,arxiv:2202.11911v3,When Transformer Meets Robotic Grasping: Exploits Context for Efficient Grasp Detection,2022,arXiv,http://arxiv.org/abs/2202.11911v3,Addresses energy-based transformers for grasping or a neighboring robotics mechanism.,"Prior work usually predicts, ranks, filters, or imitates observed behavior rather than preserving unrealized branches.",The observed outcome is enough to supervise the model.,"Contact mode support, embodiment limits, and deployment perturbations.","Branch collapse, hidden-mode shift, and tail-risk planning failures.",Generic world models and generic uncertainty are crowded.,Ebm transformer compositional grasping keeps action-critical alternatives explicit until a physical observation collapses them.
24,arxiv:2207.11941v1,GE-Grasp: Efficient Target-Oriented Grasping in Dense Clutter,2022,arXiv,http://arxiv.org/abs/2207.11941v1,Addresses energy-based transformers for grasping or a neighboring robotics mechanism.,"Prior work usually predicts, ranks, filters, or imitates observed behavior rather than preserving unrealized branches.",The observed outcome is enough to supervise the model.,"Contact mode support, embodiment limits, and deployment perturbations.","Branch collapse, hidden-mode shift, and tail-risk planning failures.",Generic world models and generic uncertainty are crowded.,Ebm transformer compositional grasping keeps action-critical alternatives explicit until a physical observation collapses them.
25,arxiv:2502.08054v2,COMBO-Grasp: Learning Constraint-Based Manipulation for Bimanual Occluded Grasping,2025,arXiv,http://arxiv.org/abs/2502.08054v2,Addresses energy-based transformers for grasping or a neighboring robotics mechanism.,"Prior work usually predicts, ranks, filters, or imitates observed behavior rather than preserving unrealized branches.",The observed outcome is enough to supervise the model.,"Contact mode support, embodiment limits, and deployment perturbations.","Branch collapse, hidden-mode shift, and tail-risk planning failures.",Generic world models and generic uncertainty are crowded.,Ebm transformer compositional grasping keeps action-critical alternatives explicit until a physical observation collapses them.
26,arxiv:2512.13380v1,Universal Dexterous Functional Grasping via Demonstration-Editing Reinforcement Learning,2025,arXiv,http://arxiv.org/abs/2512.13380v1,Addresses energy-based transformers for grasping or a neighboring robotics mechanism.,"Prior work usually predicts, ranks, filters, or imitates observed behavior rather than preserving unrealized branches.",The observed outcome is enough to supervise the model.,"Contact mode support, embodiment limits, and deployment perturbations.","Branch collapse, hidden-mode shift, and tail-risk planning failures.",Generic world models and generic uncertainty are crowded.,Ebm transformer compositional grasping keeps action-critical alternatives explicit until a physical observation collapses them.
27,doi:10.1109/lra.2024.3374190,Grasp Multiple Objects with One Hand,2023,arXiv,http://arxiv.org/abs/2310.15599v2,Addresses energy-based transformers for grasping or a neighboring robotics mechanism.,"Prior work usually predicts, ranks, filters, or imitates observed behavior rather than preserving unrealized branches.",The observed outcome is enough to supervise the model.,"Contact mode support, embodiment limits, and deployment perturbations.","Branch collapse, hidden-mode shift, and tail-risk planning failures.",Generic world models and generic uncertainty are crowded.,Ebm transformer compositional grasping keeps action-critical alternatives explicit until a physical observation collapses them.
28,arxiv:2104.02271v1,Attribute-Based Robotic Grasping with One-Grasp Adaptation,2021,arXiv,http://arxiv.org/abs/2104.02271v1,Addresses energy-based transformers for grasping or a neighboring robotics mechanism.,"Prior work usually predicts, ranks, filters, or imitates observed behavior rather than preserving unrealized branches.",The observed outcome is enough to supervise the model.,"Contact mode support, embodiment limits, and deployment perturbations.","Branch collapse, hidden-mode shift, and tail-risk planning failures.",Generic world models and generic uncertainty are crowded.,Ebm transformer compositional grasping keeps action-critical alternatives explicit until a physical observation collapses them.
29,arxiv:2111.13815v1,GATER: Learning Grasp-Action-Target Embeddings and Relations for Task-Specific Grasping,2021,arXiv,http://arxiv.org/abs/2111.13815v1,Addresses energy-based transformers for grasping or a neighboring robotics mechanism.,"Prior work usually predicts, ranks, filters, or imitates observed behavior rather than preserving unrealized branches.",The observed outcome is enough to supervise the model.,"Contact mode support, embodiment limits, and deployment perturbations.","Branch collapse, hidden-mode shift, and tail-risk planning failures.",Generic world models and generic uncertainty are crowded.,Ebm transformer compositional grasping keeps action-critical alternatives explicit until a physical observation collapses them.
30,arxiv:2404.15189v1,Text2Grasp: Grasp synthesis by text prompts of object grasping parts,2024,arXiv,http://arxiv.org/abs/2404.15189v1,Addresses energy-based transformers for grasping or a neighboring robotics mechanism.,"Prior work usually predicts, ranks, filters, or imitates observed behavior rather than preserving unrealized branches.",The observed outcome is enough to supervise the model.,"Contact mode support, embodiment limits, and deployment perturbations.","Branch collapse, hidden-mode shift, and tail-risk planning failures.",Generic world models and generic uncertainty are crowded.,Ebm transformer compositional grasping keeps action-critical alternatives explicit until a physical observation collapses them.
31,arxiv:2404.18135v1,Dexterous Grasp Transformer,2024,arXiv,http://arxiv.org/abs/2404.18135v1,Addresses energy-based transformers for grasping or a neighboring robotics mechanism.,"Prior work usually predicts, ranks, filters, or imitates observed behavior rather than preserving unrealized branches.",The observed outcome is enough to supervise the model.,"Contact mode support, embodiment limits, and deployment perturbations.","Branch collapse, hidden-mode shift, and tail-risk planning failures.",Generic world models and generic uncertainty are crowded.,Ebm transformer compositional grasping keeps action-critical alternatives explicit until a physical observation collapses them.
32,arxiv:1907.11035v1,Robot Learning of Shifting Objects for Grasping in Cluttered Environments,2019,arXiv,http://arxiv.org/abs/1907.11035v1,Addresses energy-based transformers for grasping or a neighboring robotics mechanism.,"Prior work usually predicts, ranks, filters, or imitates observed behavior rather than preserving unrealized branches.",The observed outcome is enough to supervise the model.,"Contact mode support, embodiment limits, and deployment perturbations.","Branch collapse, hidden-mode shift, and tail-risk planning failures.",Generic world models and generic uncertainty are crowded.,Ebm transformer compositional grasping keeps action-critical alternatives explicit until a physical observation collapses them.
33,doi:10.20944/preprints202512.0701.v1,Adaptive Grasping Method for Flexible and Fragile Objects Using a Manipulator by Integrating Haptic-Visual Alignment with Semantic Priors,,,https://doi.org/10.20944/preprints202512.0701.v1,Addresses energy-based transformers for grasping or a neighboring robotics mechanism.,"Prior work usually predicts, ranks, filters, or imitates observed behavior rather than preserving unrealized branches.",The observed outcome is enough to supervise the model.,"Contact mode support, embodiment limits, and deployment perturbations.","Branch collapse, hidden-mode shift, and tail-risk planning failures.",Generic world models and generic uncertainty are crowded.,Ebm transformer compositional grasping keeps action-critical alternatives explicit until a physical observation collapses them.
34,doi:10.48550/arxiv.2510.02259,Transformers Discover Molecular Structure Without Graph Priors,2025,ArXiv.org,https://doi.org/10.48550/arxiv.2510.02259,Addresses energy-based transformers for grasping or a neighboring robotics mechanism.,"Prior work usually predicts, ranks, filters, or imitates observed behavior rather than preserving unrealized branches.",The observed outcome is enough to supervise the model.,"Contact mode support, embodiment limits, and deployment perturbations.","Branch collapse, hidden-mode shift, and tail-risk planning failures.",Generic world models and generic uncertainty are crowded.,Ebm transformer compositional grasping keeps action-critical alternatives explicit until a physical observation collapses them.
35,doi:10.3389/fncir.2022.842748,"A Novel Device of Reaching, Grasping, and Retrieving Task for Head-Fixed Mice",2022,Frontiers in Neural Circuits,https://doi.org/10.3389/fncir.2022.842748,Addresses energy-based transformers for grasping or a neighboring robotics mechanism.,"Prior work usually predicts, ranks, filters, or imitates observed behavior rather than preserving unrealized branches.",The observed outcome is enough to supervise the model.,"Contact mode support, embodiment limits, and deployment perturbations.","Branch collapse, hidden-mode shift, and tail-risk planning failures.",Generic world models and generic uncertainty are crowded.,Ebm transformer compositional grasping keeps action-critical alternatives explicit until a physical observation collapses them.
36,doi:10.3390/app15052615,A Vision-Guided Deep Learning Framework for Dexterous Robotic Grasping Using Gaussian Processes and Transformers,2025,Applied Sciences,https://doi.org/10.3390/app15052615,Addresses energy-based transformers for grasping or a neighboring robotics mechanism.,"Prior work usually predicts, ranks, filters, or imitates observed behavior rather than preserving unrealized branches.",The observed outcome is enough to supervise the model.,"Contact mode support, embodiment limits, and deployment perturbations.","Branch collapse, hidden-mode shift, and tail-risk planning failures.",Generic world models and generic uncertainty are crowded.,Ebm transformer compositional grasping keeps action-critical alternatives explicit until a physical observation collapses them.
37,doi:10.1109/tmech.2024.3400789,Learning Generalizable Vision-Tactile Robotic Grasping Strategy for Deformable Objects via Transformer,2024,IEEE/ASME Transactions on Mechatronics,https://doi.org/10.1109/tmech.2024.3400789,Addresses energy-based transformers for grasping or a neighboring robotics mechanism.,"Prior work usually predicts, ranks, filters, or imitates observed behavior rather than preserving unrealized branches.",The observed outcome is enough to supervise the model.,"Contact mode support, embodiment limits, and deployment perturbations.","Branch collapse, hidden-mode shift, and tail-risk planning failures.",Generic world models and generic uncertainty are crowded.,Ebm transformer compositional grasping keeps action-critical alternatives explicit until a physical observation collapses them.
38,doi:10.1007/s10846-022-01586-4,Improving Object Grasp Performance via Transformer-Based Sparse Shape Completion,2022,Journal of Intelligent & Robotic Systems,https://doi.org/10.1007/s10846-022-01586-4,Addresses energy-based transformers for grasping or a neighboring robotics mechanism.,"Prior work usually predicts, ranks, filters, or imitates observed behavior rather than preserving unrealized branches.",The observed outcome is enough to supervise the model.,"Contact mode support, embodiment limits, and deployment perturbations.","Branch collapse, hidden-mode shift, and tail-risk planning failures.",Generic world models and generic uncertainty are crowded.,Ebm transformer compositional grasping keeps action-critical alternatives explicit until a physical observation collapses them.
39,doi:10.1177/0278364919872545,Learning task-oriented grasping for tool manipulation from simulated self-supervision,2020,The International Journal of Robotics Research,https://doi.org/10.1177/0278364919872545,Addresses energy-based transformers for grasping or a neighboring robotics mechanism.,"Prior work usually predicts, ranks, filters, or imitates observed behavior rather than preserving unrealized branches.",The observed outcome is enough to supervise the model.,"Contact mode support, embodiment limits, and deployment perturbations.","Branch collapse, hidden-mode shift, and tail-risk planning failures.",Generic world models and generic uncertainty are crowded.,Ebm transformer compositional grasping keeps action-critical alternatives explicit until a physical observation collapses them.
40,doi:10.1177/02783649221120029,"Constraint-consistent task-oriented whole-body robot formulation: Task, posture, constraints, multiple contacts, and balance",2022,The International Journal of Robotics Research,https://doi.org/10.1177/02783649221120029,Addresses energy-based transformers for grasping or a neighboring robotics mechanism.,"Prior work usually predicts, ranks, filters, or imitates observed behavior rather than preserving unrealized branches.",The observed outcome is enough to supervise the model.,"Contact mode support, embodiment limits, and deployment perturbations.","Branch collapse, hidden-mode shift, and tail-risk planning failures.",Generic world models and generic uncertainty are crowded.,Ebm transformer compositional grasping keeps action-critical alternatives explicit until a physical observation collapses them.
41,doi:10.3390/s22166208,GR-ConvNet v2: A Real-Time Multi-Grasp Detection Network for Robotic Grasping,2022,Sensors,https://doi.org/10.3390/s22166208,Addresses energy-based transformers for grasping or a neighboring robotics mechanism.,"Prior work usually predicts, ranks, filters, or imitates observed behavior rather than preserving unrealized branches.",The observed outcome is enough to supervise the model.,"Contact mode support, embodiment limits, and deployment perturbations.","Branch collapse, hidden-mode shift, and tail-risk planning failures.",Generic world models and generic uncertainty are crowded.,Ebm transformer compositional grasping keeps action-critical alternatives explicit until a physical observation collapses them.
42,doi:10.1115/esda2008-59057,Motion Planning of an Innovative Serial Robot for Energy Consumption Reduction With “On Fly” Pieces Grasping,2008,Volume 4: Fatigue and Fracture; Fluids Engineering; Heat Transfer; Mechatronics; Micro and Nano Technology; Optical Engineering; Robotics; Systems Engineering; Industrial Applications,https://doi.org/10.1115/esda2008-59057,Addresses energy-based transformers for grasping or a neighboring robotics mechanism.,"Prior work usually predicts, ranks, filters, or imitates observed behavior rather than preserving unrealized branches.",The observed outcome is enough to supervise the model.,"Contact mode support, embodiment limits, and deployment perturbations.","Branch collapse, hidden-mode shift, and tail-risk planning failures.",Generic world models and generic uncertainty are crowded.,Ebm transformer compositional grasping keeps action-critical alternatives explicit until a physical observation collapses them.
43,doi:10.21203/rs.3.rs-9114900/v1,Free-Energy Geometry and Dynamical Regime Switching under Feasibility Constraints A Transferable Dynamical Motif for Nonequilibrium Systems,,,https://doi.org/10.21203/rs.3.rs-9114900/v1,Addresses energy-based transformers for grasping or a neighboring robotics mechanism.,"Prior work usually predicts, ranks, filters, or imitates observed behavior rather than preserving unrealized branches.",The observed outcome is enough to supervise the model.,"Contact mode support, embodiment limits, and deployment perturbations.","Branch collapse, hidden-mode shift, and tail-risk planning failures.",Generic world models and generic uncertainty are crowded.,Ebm transformer compositional grasping keeps action-critical alternatives explicit until a physical observation collapses them.
44,arxiv:2211.11903v2,FLEX: Full-Body Grasping Without Full-Body Grasps,2022,arXiv,http://arxiv.org/abs/2211.11903v2,Addresses energy-based transformers for grasping or a neighboring robotics mechanism.,"Prior work usually predicts, ranks, filters, or imitates observed behavior rather than preserving unrealized branches.",The observed outcome is enough to supervise the model.,"Contact mode support, embodiment limits, and deployment perturbations.","Branch collapse, hidden-mode shift, and tail-risk planning failures.",Generic world models and generic uncertainty are crowded.,Ebm transformer compositional grasping keeps action-critical alternatives explicit until a physical observation collapses them.
45,arxiv:2603.15265v1,MoE-ACT: Scaling Multi-Task Bimanual Manipulation with Sparse Language-Conditioned Mixture-of-Experts Transformers,2026,arXiv,http://arxiv.org/abs/2603.15265v1,Addresses energy-based transformers for grasping or a neighboring robotics mechanism.,"Prior work usually predicts, ranks, filters, or imitates observed behavior rather than preserving unrealized branches.",The observed outcome is enough to supervise the model.,"Contact mode support, embodiment limits, and deployment perturbations.","Branch collapse, hidden-mode shift, and tail-risk planning failures.",Generic world models and generic uncertainty are crowded.,Ebm transformer compositional grasping keeps action-critical alternatives explicit until a physical observation collapses them.
46,doi:10.3390/app13010525,Task-Specific Grasp Planning for Robotic Assembly by Fine-Tuning GQCNNs on Automatically Generated Synthetic Data,2022,Applied Sciences,https://doi.org/10.3390/app13010525,Addresses energy-based transformers for grasping or a neighboring robotics mechanism.,"Prior work usually predicts, ranks, filters, or imitates observed behavior rather than preserving unrealized branches.",The observed outcome is enough to supervise the model.,"Contact mode support, embodiment limits, and deployment perturbations.","Branch collapse, hidden-mode shift, and tail-risk planning failures.",Generic world models and generic uncertainty are crowded.,Ebm transformer compositional grasping keeps action-critical alternatives explicit until a physical observation collapses them.
47,doi:10.3390/robotics8030079,Model-Based Grasping of Unknown Objects from a Random Pile,2019,Robotics,https://doi.org/10.3390/robotics8030079,Addresses energy-based transformers for grasping or a neighboring robotics mechanism.,"Prior work usually predicts, ranks, filters, or imitates observed behavior rather than preserving unrealized branches.",The observed outcome is enough to supervise the model.,"Contact mode support, embodiment limits, and deployment perturbations.","Branch collapse, hidden-mode shift, and tail-risk planning failures.",Generic world models and generic uncertainty are crowded.,Ebm transformer compositional grasping keeps action-critical alternatives explicit until a physical observation collapses them.
48,doi:10.48550/arxiv.2304.14391,Energy-based Models are Zero-Shot Planners for Compositional Scene Rearrangement,2023,arXiv (Cornell University),https://doi.org/10.48550/arxiv.2304.14391,Addresses energy-based transformers for grasping or a neighboring robotics mechanism.,"Prior work usually predicts, ranks, filters, or imitates observed behavior rather than preserving unrealized branches.",The observed outcome is enough to supervise the model.,"Contact mode support, embodiment limits, and deployment perturbations.","Branch collapse, hidden-mode shift, and tail-risk planning failures.",Generic world models and generic uncertainty are crowded.,Ebm transformer compositional grasping keeps action-critical alternatives explicit until a physical observation collapses them.
49,doi:10.48550/arxiv.2304.10891,Transformer-Based Autonomous Driving Models and Deployment-Oriented Compression: A Survey,2023,arXiv (Cornell University),https://doi.org/10.48550/arxiv.2304.10891,Addresses energy-based transformers for grasping or a neighboring robotics mechanism.,"Prior work usually predicts, ranks, filters, or imitates observed behavior rather than preserving unrealized branches.",The observed outcome is enough to supervise the model.,"Contact mode support, embodiment limits, and deployment perturbations.","Branch collapse, hidden-mode shift, and tail-risk planning failures.",Generic world models and generic uncertainty are crowded.,Ebm transformer compositional grasping keeps action-critical alternatives explicit until a physical observation collapses them.
50,doi:10.1002/aisy.202400404,Interactive Prompt‐Guided Robotic Grasping for Arbitrary Objects Based on Promptable Segment Anything Model and Force‐Closure Analysis,2024,Advanced Intelligent Systems,https://doi.org/10.1002/aisy.202400404,Addresses energy-based transformers for grasping or a neighboring robotics mechanism.,"Prior work usually predicts, ranks, filters, or imitates observed behavior rather than preserving unrealized branches.",The observed outcome is enough to supervise the model.,"Contact mode support, embodiment limits, and deployment perturbations.","Branch collapse, hidden-mode shift, and tail-risk planning failures.",Generic world models and generic uncertainty are crowded.,Ebm transformer compositional grasping keeps action-critical alternatives explicit until a physical observation collapses them.
51,doi:10.7717/peerj.11760,Neural correlates of tactile hardness intensity perception during active grasping,2021,PeerJ,https://doi.org/10.7717/peerj.11760,Addresses energy-based transformers for grasping or a neighboring robotics mechanism.,"Prior work usually predicts, ranks, filters, or imitates observed behavior rather than preserving unrealized branches.",The observed outcome is enough to supervise the model.,"Contact mode support, embodiment limits, and deployment perturbations.","Branch collapse, hidden-mode shift, and tail-risk planning failures.",Generic world models and generic uncertainty are crowded.,Ebm transformer compositional grasping keeps action-critical alternatives explicit until a physical observation collapses them.
52,doi:10.1109/tim.2021.3129875,Robotic Objects Detection and Grasping in Clutter Based on Cascaded Deep Convolutional Neural Network,2021,IEEE Transactions on Instrumentation and Measurement,https://doi.org/10.1109/tim.2021.3129875,Addresses energy-based transformers for grasping or a neighboring robotics mechanism.,"Prior work usually predicts, ranks, filters, or imitates observed behavior rather than preserving unrealized branches.",The observed outcome is enough to supervise the model.,"Contact mode support, embodiment limits, and deployment perturbations.","Branch collapse, hidden-mode shift, and tail-risk planning failures.",Generic world models and generic uncertainty are crowded.,Ebm transformer compositional grasping keeps action-critical alternatives explicit until a physical observation collapses them.
53,doi:10.1177/0278364919865338,"Learning better generative models for dexterous, single-view grasping of novel objects",2019,The International Journal of Robotics Research,https://doi.org/10.1177/0278364919865338,Addresses energy-based transformers for grasping or a neighboring robotics mechanism.,"Prior work usually predicts, ranks, filters, or imitates observed behavior rather than preserving unrealized branches.",The observed outcome is enough to supervise the model.,"Contact mode support, embodiment limits, and deployment perturbations.","Branch collapse, hidden-mode shift, and tail-risk planning failures.",Generic world models and generic uncertainty are crowded.,Ebm transformer compositional grasping keeps action-critical alternatives explicit until a physical observation collapses them.
54,doi:10.13016/m2gk30,Learning Task Models for Robotic Manipulation of Nonrigid Objects,2017,Digital Repository at the University of Maryland (University of Maryland College Park),https://doi.org/10.13016/m2gk30,Addresses energy-based transformers for grasping or a neighboring robotics mechanism.,"Prior work usually predicts, ranks, filters, or imitates observed behavior rather than preserving unrealized branches.",The observed outcome is enough to supervise the model.,"Contact mode support, embodiment limits, and deployment perturbations.","Branch collapse, hidden-mode shift, and tail-risk planning failures.",Generic world models and generic uncertainty are crowded.,Ebm transformer compositional grasping keeps action-critical alternatives explicit until a physical observation collapses them.
55,doi:10.1109/icra48506.2021.9560889,Vision-Based Robotic Pushing and Grasping for Stone Sample Collection under Computing Resource Constraints,2021,,https://doi.org/10.1109/icra48506.2021.9560889,Addresses energy-based transformers for grasping or a neighboring robotics mechanism.,"Prior work usually predicts, ranks, filters, or imitates observed behavior rather than preserving unrealized branches.",The observed outcome is enough to supervise the model.,"Contact mode support, embodiment limits, and deployment perturbations.","Branch collapse, hidden-mode shift, and tail-risk planning failures.",Generic world models and generic uncertainty are crowded.,Ebm transformer compositional grasping keeps action-critical alternatives explicit until a physical observation collapses them.
56,doi:10.18273/revuin.v22n4-2023011,Tracking and Grasping of Moving Objects Using Aerial Robotic Manipulators: A Brief Survey,2023,Revista UIS Ingenierías,https://doi.org/10.18273/revuin.v22n4-2023011,Addresses energy-based transformers for grasping or a neighboring robotics mechanism.,"Prior work usually predicts, ranks, filters, or imitates observed behavior rather than preserving unrealized branches.",The observed outcome is enough to supervise the model.,"Contact mode support, embodiment limits, and deployment perturbations.","Branch collapse, hidden-mode shift, and tail-risk planning failures.",Generic world models and generic uncertainty are crowded.,Ebm transformer compositional grasping keeps action-critical alternatives explicit until a physical observation collapses them.
57,doi:10.1109/lra.2022.3220152,Grasp Stability and Design Analysis of a Flexure-Jointed Gripper Mechanism via Efficient Energy-Based Modeling,2022,IEEE Robotics and Automation Letters,https://doi.org/10.1109/lra.2022.3220152,Addresses energy-based transformers for grasping or a neighboring robotics mechanism.,"Prior work usually predicts, ranks, filters, or imitates observed behavior rather than preserving unrealized branches.",The observed outcome is enough to supervise the model.,"Contact mode support, embodiment limits, and deployment perturbations.","Branch collapse, hidden-mode shift, and tail-risk planning failures.",Generic world models and generic uncertainty are crowded.,Ebm transformer compositional grasping keeps action-critical alternatives explicit until a physical observation collapses them.
58,doi:10.3390/s21248339,Adaptive Grasping of Moving Objects through Tactile Sensing,2021,Sensors,https://doi.org/10.3390/s21248339,Addresses energy-based transformers for grasping or a neighboring robotics mechanism.,"Prior work usually predicts, ranks, filters, or imitates observed behavior rather than preserving unrealized branches.",The observed outcome is enough to supervise the model.,"Contact mode support, embodiment limits, and deployment perturbations.","Branch collapse, hidden-mode shift, and tail-risk planning failures.",Generic world models and generic uncertainty are crowded.,Ebm transformer compositional grasping keeps action-critical alternatives explicit until a physical observation collapses them.
59,doi:10.3390/en15103593,Simulation Modeling for Energy-Flexible Manufacturing: Pitfalls and How to Avoid Them,2022,Energies,https://doi.org/10.3390/en15103593,Addresses energy-based transformers for grasping or a neighboring robotics mechanism.,"Prior work usually predicts, ranks, filters, or imitates observed behavior rather than preserving unrealized branches.",The observed outcome is enough to supervise the model.,"Contact mode support, embodiment limits, and deployment perturbations.","Branch collapse, hidden-mode shift, and tail-risk planning failures.",Generic world models and generic uncertainty are crowded.,Ebm transformer compositional grasping keeps action-critical alternatives explicit until a physical observation collapses them.
60,doi:10.1109/tii.2023.3244348,Robotic Continuous Grasping System by Shape Transformer-Guided Multiobject Category-Level 6-D Pose Estimation,2023,IEEE Transactions on Industrial Informatics,https://doi.org/10.1109/tii.2023.3244348,Addresses energy-based transformers for grasping or a neighboring robotics mechanism.,"Prior work usually predicts, ranks, filters, or imitates observed behavior rather than preserving unrealized branches.",The observed outcome is enough to supervise the model.,"Contact mode support, embodiment limits, and deployment perturbations.","Branch collapse, hidden-mode shift, and tail-risk planning failures.",Generic world models and generic uncertainty are crowded.,Ebm transformer compositional grasping keeps action-critical alternatives explicit until a physical observation collapses them.
61,arxiv:2101.01132v1,Volumetric Grasping Network: Real-time 6 DOF Grasp Detection in Clutter,2021,arXiv,http://arxiv.org/abs/2101.01132v1,Addresses energy-based transformers for grasping or a neighboring robotics mechanism.,"Prior work usually predicts, ranks, filters, or imitates observed behavior rather than preserving unrealized branches.",The observed outcome is enough to supervise the model.,"Contact mode support, embodiment limits, and deployment perturbations.","Branch collapse, hidden-mode shift, and tail-risk planning failures.",Generic world models and generic uncertainty are crowded.,Ebm transformer compositional grasping keeps action-critical alternatives explicit until a physical observation collapses them.
62,doi:10.3390/en19030599,Multi-Source Data Fusion and Multi-Task Physics-Informed Transformer for Power Transformer Fault Diagnosis,2026,Energies,https://doi.org/10.3390/en19030599,Addresses energy-based transformers for grasping or a neighboring robotics mechanism.,"Prior work usually predicts, ranks, filters, or imitates observed behavior rather than preserving unrealized branches.",The observed outcome is enough to supervise the model.,"Contact mode support, embodiment limits, and deployment perturbations.","Branch collapse, hidden-mode shift, and tail-risk planning failures.",Generic world models and generic uncertainty are crowded.,Ebm transformer compositional grasping keeps action-critical alternatives explicit until a physical observation collapses them.
63,arxiv:2410.15879v2,Triplane Grasping: Efficient 6-DoF Grasping with Single RGB Images,2024,arXiv,http://arxiv.org/abs/2410.15879v2,Addresses energy-based transformers for grasping or a neighboring robotics mechanism.,"Prior work usually predicts, ranks, filters, or imitates observed behavior rather than preserving unrealized branches.",The observed outcome is enough to supervise the model.,"Contact mode support, embodiment limits, and deployment perturbations.","Branch collapse, hidden-mode shift, and tail-risk planning failures.",Generic world models and generic uncertainty are crowded.,Ebm transformer compositional grasping keeps action-critical alternatives explicit until a physical observation collapses them.
64,doi:10.1145/3762657,Grasp-HGN: Grasping the Unexpected,2025,ACM Transactions on Embedded Computing Systems,https://doi.org/10.1145/3762657,Addresses energy-based transformers for grasping or a neighboring robotics mechanism.,"Prior work usually predicts, ranks, filters, or imitates observed behavior rather than preserving unrealized branches.",The observed outcome is enough to supervise the model.,"Contact mode support, embodiment limits, and deployment perturbations.","Branch collapse, hidden-mode shift, and tail-risk planning failures.",Generic world models and generic uncertainty are crowded.,Ebm transformer compositional grasping keeps action-critical alternatives explicit until a physical observation collapses them.
65,doi:10.1109/tro.2022.3233343,Robust Sampling-Based Control of Mobile Manipulators for Interaction With Articulated Objects,2023,IEEE Transactions on Robotics,https://doi.org/10.1109/tro.2022.3233343,Addresses energy-based transformers for grasping or a neighboring robotics mechanism.,"Prior work usually predicts, ranks, filters, or imitates observed behavior rather than preserving unrealized branches.",The observed outcome is enough to supervise the model.,"Contact mode support, embodiment limits, and deployment perturbations.","Branch collapse, hidden-mode shift, and tail-risk planning failures.",Generic world models and generic uncertainty are crowded.,Ebm transformer compositional grasping keeps action-critical alternatives explicit until a physical observation collapses them.
66,doi:10.3390/electronics14030437,A Lightweight Detection Model Without Convolutions for Complex Stacked Grasping Tasks,2025,Electronics,https://doi.org/10.3390/electronics14030437,Addresses energy-based transformers for grasping or a neighboring robotics mechanism.,"Prior work usually predicts, ranks, filters, or imitates observed behavior rather than preserving unrealized branches.",The observed outcome is enough to supervise the model.,"Contact mode support, embodiment limits, and deployment perturbations.","Branch collapse, hidden-mode shift, and tail-risk planning failures.",Generic world models and generic uncertainty are crowded.,Ebm transformer compositional grasping keeps action-critical alternatives explicit until a physical observation collapses them.
67,doi:10.3389/fenrg.2022.764903,Transformer Vibration Detection Based on YOLOv4 and Optical Flow in Background of High Proportion of Renewable Energy Access,2022,Frontiers in Energy Research,https://doi.org/10.3389/fenrg.2022.764903,Addresses energy-based transformers for grasping or a neighboring robotics mechanism.,"Prior work usually predicts, ranks, filters, or imitates observed behavior rather than preserving unrealized branches.",The observed outcome is enough to supervise the model.,"Contact mode support, embodiment limits, and deployment perturbations.","Branch collapse, hidden-mode shift, and tail-risk planning failures.",Generic world models and generic uncertainty are crowded.,Ebm transformer compositional grasping keeps action-critical alternatives explicit until a physical observation collapses them.
68,doi:10.3390/app10030749,Integrated Motion Planning for Assembly Task with Part Manipulation Using Re-Grasping,2020,Applied Sciences,https://doi.org/10.3390/app10030749,Addresses energy-based transformers for grasping or a neighboring robotics mechanism.,"Prior work usually predicts, ranks, filters, or imitates observed behavior rather than preserving unrealized branches.",The observed outcome is enough to supervise the model.,"Contact mode support, embodiment limits, and deployment perturbations.","Branch collapse, hidden-mode shift, and tail-risk planning failures.",Generic world models and generic uncertainty are crowded.,Ebm transformer compositional grasping keeps action-critical alternatives explicit until a physical observation collapses them.
69,doi:10.3390/app16020904,Multi-Robot Task Allocation with Spatiotemporal Constraints via Edge-Enhanced Attention Networks,2026,Applied Sciences,https://doi.org/10.3390/app16020904,Addresses energy-based transformers for grasping or a neighboring robotics mechanism.,"Prior work usually predicts, ranks, filters, or imitates observed behavior rather than preserving unrealized branches.",The observed outcome is enough to supervise the model.,"Contact mode support, embodiment limits, and deployment perturbations.","Branch collapse, hidden-mode shift, and tail-risk planning failures.",Generic world models and generic uncertainty are crowded.,Ebm transformer compositional grasping keeps action-critical alternatives explicit until a physical observation collapses them.
70,doi:10.48550/arxiv.2307.13204,GraspGPT: Leveraging Semantic Knowledge from a Large Language Model for Task-Oriented Grasping,2023,arXiv (Cornell University),https://doi.org/10.48550/arxiv.2307.13204,Addresses energy-based transformers for grasping or a neighboring robotics mechanism.,"Prior work usually predicts, ranks, filters, or imitates observed behavior rather than preserving unrealized branches.",The observed outcome is enough to supervise the model.,"Contact mode support, embodiment limits, and deployment perturbations.","Branch collapse, hidden-mode shift, and tail-risk planning failures.",Generic world models and generic uncertainty are crowded.,Ebm transformer compositional grasping keeps action-critical alternatives explicit until a physical observation collapses them.
71,doi:10.3389/fnbot.2023.1188468,Efficient push-grasping for multiple target objects in clutter environments,2023,Frontiers in Neurorobotics,https://doi.org/10.3389/fnbot.2023.1188468,Addresses energy-based transformers for grasping or a neighboring robotics mechanism.,"Prior work usually predicts, ranks, filters, or imitates observed behavior rather than preserving unrealized branches.",The observed outcome is enough to supervise the model.,"Contact mode support, embodiment limits, and deployment perturbations.","Branch collapse, hidden-mode shift, and tail-risk planning failures.",Generic world models and generic uncertainty are crowded.,Ebm transformer compositional grasping keeps action-critical alternatives explicit until a physical observation collapses them.
72,doi:10.3390/s22145240,"Human Grasp Mechanism Understanding, Human-Inspired Grasp Control and Robotic Grasping Planning for Agricultural Robots",2022,Sensors,https://doi.org/10.3390/s22145240,Addresses energy-based transformers for grasping or a neighboring robotics mechanism.,"Prior work usually predicts, ranks, filters, or imitates observed behavior rather than preserving unrealized branches.",The observed outcome is enough to supervise the model.,"Contact mode support, embodiment limits, and deployment perturbations.","Branch collapse, hidden-mode shift, and tail-risk planning failures.",Generic world models and generic uncertainty are crowded.,Ebm transformer compositional grasping keeps action-critical alternatives explicit until a physical observation collapses them.
73,doi:10.1007/s11063-023-11398-8,Def-Grasp: A Robot Grasping Detection Method for Deformable Objects Without Force Sensor,2023,Neural Processing Letters,https://doi.org/10.1007/s11063-023-11398-8,Addresses energy-based transformers for grasping or a neighboring robotics mechanism.,"Prior work usually predicts, ranks, filters, or imitates observed behavior rather than preserving unrealized branches.",The observed outcome is enough to supervise the model.,"Contact mode support, embodiment limits, and deployment perturbations.","Branch collapse, hidden-mode shift, and tail-risk planning failures.",Generic world models and generic uncertainty are crowded.,Ebm transformer compositional grasping keeps action-critical alternatives explicit until a physical observation collapses them.
74,doi:10.1017/s0263574723001510,Multi-modal interaction with transformers: bridging robots and human with natural language,2023,Robotica,https://doi.org/10.1017/s0263574723001510,Addresses energy-based transformers for grasping or a neighboring robotics mechanism.,"Prior work usually predicts, ranks, filters, or imitates observed behavior rather than preserving unrealized branches.",The observed outcome is enough to supervise the model.,"Contact mode support, embodiment limits, and deployment perturbations.","Branch collapse, hidden-mode shift, and tail-risk planning failures.",Generic world models and generic uncertainty are crowded.,Ebm transformer compositional grasping keeps action-critical alternatives explicit until a physical observation collapses them.
75,doi:10.1109/tpami.2023.3305122,TokenCut: Segmenting Objects in Images and Videos With Self-Supervised Transformer and Normalized Cut,2023,IEEE Transactions on Pattern Analysis and Machine Intelligence,https://doi.org/10.1109/tpami.2023.3305122,Addresses energy-based transformers for grasping or a neighboring robotics mechanism.,"Prior work usually predicts, ranks, filters, or imitates observed behavior rather than preserving unrealized branches.",The observed outcome is enough to supervise the model.,"Contact mode support, embodiment limits, and deployment perturbations.","Branch collapse, hidden-mode shift, and tail-risk planning failures.",Generic world models and generic uncertainty are crowded.,Ebm transformer compositional grasping keeps action-critical alternatives explicit until a physical observation collapses them.
76,arxiv:2509.06201v1,Grasp-MPC: Closed-Loop Visual Grasping via Value-Guided Model Predictive Control,2025,arXiv,http://arxiv.org/abs/2509.06201v1,Addresses energy-based transformers for grasping or a neighboring robotics mechanism.,"Prior work usually predicts, ranks, filters, or imitates observed behavior rather than preserving unrealized branches.",The observed outcome is enough to supervise the model.,"Contact mode support, embodiment limits, and deployment perturbations.","Branch collapse, hidden-mode shift, and tail-risk planning failures.",Generic world models and generic uncertainty are crowded.,Ebm transformer compositional grasping keeps action-critical alternatives explicit until a physical observation collapses them.
77,doi:10.1108/ir-11-2017-0200,Energy-optimal motion planning of a biped pole-climbing robot with kinodynamic constraints,2018,Industrial Robot: An International Journal,https://doi.org/10.1108/ir-11-2017-0200,Addresses energy-based transformers for grasping or a neighboring robotics mechanism.,"Prior work usually predicts, ranks, filters, or imitates observed behavior rather than preserving unrealized branches.",The observed outcome is enough to supervise the model.,"Contact mode support, embodiment limits, and deployment perturbations.","Branch collapse, hidden-mode shift, and tail-risk planning failures.",Generic world models and generic uncertainty are crowded.,Ebm transformer compositional grasping keeps action-critical alternatives explicit until a physical observation collapses them.
78,doi:10.18653/v1/2021.findings-acl.368,Hierarchical Task Learning from Language Instructions with Unified Transformers and Self-Monitoring,2021,,https://doi.org/10.18653/v1/2021.findings-acl.368,Addresses energy-based transformers for grasping or a neighboring robotics mechanism.,"Prior work usually predicts, ranks, filters, or imitates observed behavior rather than preserving unrealized branches.",The observed outcome is enough to supervise the model.,"Contact mode support, embodiment limits, and deployment perturbations.","Branch collapse, hidden-mode shift, and tail-risk planning failures.",Generic world models and generic uncertainty are crowded.,Ebm transformer compositional grasping keeps action-critical alternatives explicit until a physical observation collapses them.
79,arxiv:1804.05172v2,"Closing the Loop for Robotic Grasping: A Real-time, Generative Grasp Synthesis Approach",2018,arXiv,http://arxiv.org/abs/1804.05172v2,Addresses energy-based transformers for grasping or a neighboring robotics mechanism.,"Prior work usually predicts, ranks, filters, or imitates observed behavior rather than preserving unrealized branches.",The observed outcome is enough to supervise the model.,"Contact mode support, embodiment limits, and deployment perturbations.","Branch collapse, hidden-mode shift, and tail-risk planning failures.",Generic world models and generic uncertainty are crowded.,Ebm transformer compositional grasping keeps action-critical alternatives explicit until a physical observation collapses them.
80,doi:10.1007/s00521-024-10718-w,A cosine similarity-based token subsampling method for vision transformer in cloud computing,2024,Neural Computing and Applications,https://doi.org/10.1007/s00521-024-10718-w,Addresses energy-based transformers for grasping or a neighboring robotics mechanism.,"Prior work usually predicts, ranks, filters, or imitates observed behavior rather than preserving unrealized branches.",The observed outcome is enough to supervise the model.,"Contact mode support, embodiment limits, and deployment perturbations.","Branch collapse, hidden-mode shift, and tail-risk planning failures.",Generic world models and generic uncertainty are crowded.,Ebm transformer compositional grasping keeps action-critical alternatives explicit until a physical observation collapses them.
81,doi:10.3390/app10051665,Contingent Task and Motion Planning under Uncertainty for Human–Robot Interactions,2020,Applied Sciences,https://doi.org/10.3390/app10051665,Addresses energy-based transformers for grasping or a neighboring robotics mechanism.,"Prior work usually predicts, ranks, filters, or imitates observed behavior rather than preserving unrealized branches.",The observed outcome is enough to supervise the model.,"Contact mode support, embodiment limits, and deployment perturbations.","Branch collapse, hidden-mode shift, and tail-risk planning failures.",Generic world models and generic uncertainty are crowded.,Ebm transformer compositional grasping keeps action-critical alternatives explicit until a physical observation collapses them.
82,doi:10.1109/icra40945.2020.9197179,A Single Multi-Task Deep Neural Network with Post-Processing for Object Detection with Reasoning and Robotic Grasp Detection,2020,,https://doi.org/10.1109/icra40945.2020.9197179,Addresses energy-based transformers for grasping or a neighboring robotics mechanism.,"Prior work usually predicts, ranks, filters, or imitates observed behavior rather than preserving unrealized branches.",The observed outcome is enough to supervise the model.,"Contact mode support, embodiment limits, and deployment perturbations.","Branch collapse, hidden-mode shift, and tail-risk planning failures.",Generic world models and generic uncertainty are crowded.,Ebm transformer compositional grasping keeps action-critical alternatives explicit until a physical observation collapses them.
83,doi:10.1089/soro.2015.0013,Autonomous Object Manipulation Using a Soft Planar Grasping Manipulator,2015,Soft Robotics,https://doi.org/10.1089/soro.2015.0013,Addresses energy-based transformers for grasping or a neighboring robotics mechanism.,"Prior work usually predicts, ranks, filters, or imitates observed behavior rather than preserving unrealized branches.",The observed outcome is enough to supervise the model.,"Contact mode support, embodiment limits, and deployment perturbations.","Branch collapse, hidden-mode shift, and tail-risk planning failures.",Generic world models and generic uncertainty are crowded.,Ebm transformer compositional grasping keeps action-critical alternatives explicit until a physical observation collapses them.
84,arxiv:2509.19142v2,BiGraspFormer: End-to-End Bimanual Grasp Transformer,2025,arXiv,http://arxiv.org/abs/2509.19142v2,Addresses energy-based transformers for grasping or a neighboring robotics mechanism.,"Prior work usually predicts, ranks, filters, or imitates observed behavior rather than preserving unrealized branches.",The observed outcome is enough to supervise the model.,"Contact mode support, embodiment limits, and deployment perturbations.","Branch collapse, hidden-mode shift, and tail-risk planning failures.",Generic world models and generic uncertainty are crowded.,Ebm transformer compositional grasping keeps action-critical alternatives explicit until a physical observation collapses them.
85,arxiv:2206.00432v1,Evaluating Gaussian Grasp Maps for Generative Grasping Models,2022,arXiv,http://arxiv.org/abs/2206.00432v1,Addresses energy-based transformers for grasping or a neighboring robotics mechanism.,"Prior work usually predicts, ranks, filters, or imitates observed behavior rather than preserving unrealized branches.",The observed outcome is enough to supervise the model.,"Contact mode support, embodiment limits, and deployment perturbations.","Branch collapse, hidden-mode shift, and tail-risk planning failures.",Generic world models and generic uncertainty are crowded.,Ebm transformer compositional grasping keeps action-critical alternatives explicit until a physical observation collapses them.
86,arxiv:2203.00733v1,Task-grasping from human demonstration,2022,arXiv,http://arxiv.org/abs/2203.00733v1,Addresses energy-based transformers for grasping or a neighboring robotics mechanism.,"Prior work usually predicts, ranks, filters, or imitates observed behavior rather than preserving unrealized branches.",The observed outcome is enough to supervise the model.,"Contact mode support, embodiment limits, and deployment perturbations.","Branch collapse, hidden-mode shift, and tail-risk planning failures.",Generic world models and generic uncertainty are crowded.,Ebm transformer compositional grasping keeps action-critical alternatives explicit until a physical observation collapses them.
87,doi:10.1109/romoco60539.2024.10604306,A Framework for Joint Grasp and Motion Planning in Confined Spaces,2025,arXiv,http://arxiv.org/abs/2505.07259v1,Addresses energy-based transformers for grasping or a neighboring robotics mechanism.,"Prior work usually predicts, ranks, filters, or imitates observed behavior rather than preserving unrealized branches.",The observed outcome is enough to supervise the model.,"Contact mode support, embodiment limits, and deployment perturbations.","Branch collapse, hidden-mode shift, and tail-risk planning failures.",Generic world models and generic uncertainty are crowded.,Ebm transformer compositional grasping keeps action-critical alternatives explicit until a physical observation collapses them.
88,doi:10.3390/s25061900,Redundancy-Based Motion Planning with Task Constraints for Robot Manipulators,2025,Sensors,https://doi.org/10.3390/s25061900,Addresses energy-based transformers for grasping or a neighboring robotics mechanism.,"Prior work usually predicts, ranks, filters, or imitates observed behavior rather than preserving unrealized branches.",The observed outcome is enough to supervise the model.,"Contact mode support, embodiment limits, and deployment perturbations.","Branch collapse, hidden-mode shift, and tail-risk planning failures.",Generic world models and generic uncertainty are crowded.,Ebm transformer compositional grasping keeps action-critical alternatives explicit until a physical observation collapses them.
89,doi:10.1109/mra.2015.2460891,Grasping the Performance: Facilitating Replicable Performance Measures via Benchmarking and Standardized Methodologies,2015,IEEE Robotics & Automation Magazine,https://doi.org/10.1109/mra.2015.2460891,Addresses energy-based transformers for grasping or a neighboring robotics mechanism.,"Prior work usually predicts, ranks, filters, or imitates observed behavior rather than preserving unrealized branches.",The observed outcome is enough to supervise the model.,"Contact mode support, embodiment limits, and deployment perturbations.","Branch collapse, hidden-mode shift, and tail-risk planning failures.",Generic world models and generic uncertainty are crowded.,Ebm transformer compositional grasping keeps action-critical alternatives explicit until a physical observation collapses them.
90,doi:10.1111/infa.70026,Neural Representations of Grasp Congruence During the Emergence of Precision Grasping,2025,Infancy,https://doi.org/10.1111/infa.70026,Addresses energy-based transformers for grasping or a neighboring robotics mechanism.,"Prior work usually predicts, ranks, filters, or imitates observed behavior rather than preserving unrealized branches.",The observed outcome is enough to supervise the model.,"Contact mode support, embodiment limits, and deployment perturbations.","Branch collapse, hidden-mode shift, and tail-risk planning failures.",Generic world models and generic uncertainty are crowded.,Ebm transformer compositional grasping keeps action-critical alternatives explicit until a physical observation collapses them.
91,doi:10.1515/jmdai-2024-0003,Robotic Hand Grasping: a review focused on multiple objects manipulation,2025,Journal of Machine Design and Automation Intelligence,https://doi.org/10.1515/jmdai-2024-0003,Addresses energy-based transformers for grasping or a neighboring robotics mechanism.,"Prior work usually predicts, ranks, filters, or imitates observed behavior rather than preserving unrealized branches.",The observed outcome is enough to supervise the model.,"Contact mode support, embodiment limits, and deployment perturbations.","Branch collapse, hidden-mode shift, and tail-risk planning failures.",Generic world models and generic uncertainty are crowded.,Ebm transformer compositional grasping keeps action-critical alternatives explicit until a physical observation collapses them.
92,doi:10.3390/s23031513,Prehensile and Non-Prehensile Robotic Pick-and-Place of Objects in Clutter Using Deep Reinforcement Learning,2023,Sensors,https://doi.org/10.3390/s23031513,Addresses energy-based transformers for grasping or a neighboring robotics mechanism.,"Prior work usually predicts, ranks, filters, or imitates observed behavior rather than preserving unrealized branches.",The observed outcome is enough to supervise the model.,"Contact mode support, embodiment limits, and deployment perturbations.","Branch collapse, hidden-mode shift, and tail-risk planning failures.",Generic world models and generic uncertainty are crowded.,Ebm transformer compositional grasping keeps action-critical alternatives explicit until a physical observation collapses them.
93,doi:10.1109/lra.2023.3326001,One-Shot Learning for Task-Oriented Grasping,2023,IEEE Robotics and Automation Letters,https://doi.org/10.1109/lra.2023.3326001,Addresses energy-based transformers for grasping or a neighboring robotics mechanism.,"Prior work usually predicts, ranks, filters, or imitates observed behavior rather than preserving unrealized branches.",The observed outcome is enough to supervise the model.,"Contact mode support, embodiment limits, and deployment perturbations.","Branch collapse, hidden-mode shift, and tail-risk planning failures.",Generic world models and generic uncertainty are crowded.,Ebm transformer compositional grasping keeps action-critical alternatives explicit until a physical observation collapses them.
94,arxiv:2403.01611v1,The Grasp Loop Signature: A Topological Representation for Manipulation Planning with Ropes and Cables,2024,arXiv,http://arxiv.org/abs/2403.01611v1,Addresses energy-based transformers for grasping or a neighboring robotics mechanism.,"Prior work usually predicts, ranks, filters, or imitates observed behavior rather than preserving unrealized branches.",The observed outcome is enough to supervise the model.,"Contact mode support, embodiment limits, and deployment perturbations.","Branch collapse, hidden-mode shift, and tail-risk planning failures.",Generic world models and generic uncertainty are crowded.,Ebm transformer compositional grasping keeps action-critical alternatives explicit until a physical observation collapses them.
95,doi:10.48550/arxiv.2501.02149,Attribute-Based Robotic Grasping with Data-Efficient Adaptation,2025,arXiv (Cornell University),https://doi.org/10.48550/arxiv.2501.02149,Addresses energy-based transformers for grasping or a neighboring robotics mechanism.,"Prior work usually predicts, ranks, filters, or imitates observed behavior rather than preserving unrealized branches.",The observed outcome is enough to supervise the model.,"Contact mode support, embodiment limits, and deployment perturbations.","Branch collapse, hidden-mode shift, and tail-risk planning failures.",Generic world models and generic uncertainty are crowded.,Ebm transformer compositional grasping keeps action-critical alternatives explicit until a physical observation collapses them.
96,doi:10.3390/act11040107,A Soft Self-Stable Actuator and Its Energy-Efficient Grasping,2022,Actuators,https://doi.org/10.3390/act11040107,Addresses energy-based transformers for grasping or a neighboring robotics mechanism.,"Prior work usually predicts, ranks, filters, or imitates observed behavior rather than preserving unrealized branches.",The observed outcome is enough to supervise the model.,"Contact mode support, embodiment limits, and deployment perturbations.","Branch collapse, hidden-mode shift, and tail-risk planning failures.",Generic world models and generic uncertainty are crowded.,Ebm transformer compositional grasping keeps action-critical alternatives explicit until a physical observation collapses them.
97,doi:10.3390/en16020966,Forecasting Energy Consumption of a Public Building Using Transformer and Support Vector Regression,2023,Energies,https://doi.org/10.3390/en16020966,Addresses energy-based transformers for grasping or a neighboring robotics mechanism.,"Prior work usually predicts, ranks, filters, or imitates observed behavior rather than preserving unrealized branches.",The observed outcome is enough to supervise the model.,"Contact mode support, embodiment limits, and deployment perturbations.","Branch collapse, hidden-mode shift, and tail-risk planning failures.",Generic world models and generic uncertainty are crowded.,Ebm transformer compositional grasping keeps action-critical alternatives explicit until a physical observation collapses them.
98,doi:10.1038/s41598-020-67539-9,Positive effects of grasping virtual objects on memory for novel words in a second language,2020,Scientific Reports,https://doi.org/10.1038/s41598-020-67539-9,Addresses energy-based transformers for grasping or a neighboring robotics mechanism.,"Prior work usually predicts, ranks, filters, or imitates observed behavior rather than preserving unrealized branches.",The observed outcome is enough to supervise the model.,"Contact mode support, embodiment limits, and deployment perturbations.","Branch collapse, hidden-mode shift, and tail-risk planning failures.",Generic world models and generic uncertainty are crowded.,Ebm transformer compositional grasping keeps action-critical alternatives explicit until a physical observation collapses them.
99,doi:10.3390/en13246479,"Distributed Generation: A Review on Current Energy Status, Grid-Interconnected PQ Issues, and Implementation Constraints of DG in Malaysia",2020,Energies,https://doi.org/10.3390/en13246479,Addresses energy-based transformers for grasping or a neighboring robotics mechanism.,"Prior work usually predicts, ranks, filters, or imitates observed behavior rather than preserving unrealized branches.",The observed outcome is enough to supervise the model.,"Contact mode support, embodiment limits, and deployment perturbations.","Branch collapse, hidden-mode shift, and tail-risk planning failures.",Generic world models and generic uncertainty are crowded.,Ebm transformer compositional grasping keeps action-critical alternatives explicit until a physical observation collapses them.
100,doi:10.3390/s23198054,Secure Grasping Detection of Objects in Stacked Scenes Based on Single-Frame RGB Images,2023,Sensors,https://doi.org/10.3390/s23198054,Addresses energy-based transformers for grasping or a neighboring robotics mechanism.,"Prior work usually predicts, ranks, filters, or imitates observed behavior rather than preserving unrealized branches.",The observed outcome is enough to supervise the model.,"Contact mode support, embodiment limits, and deployment perturbations.","Branch collapse, hidden-mode shift, and tail-risk planning failures.",Generic world models and generic uncertainty are crowded.,Ebm transformer compositional grasping keeps action-critical alternatives explicit until a physical observation collapses them.
